{"cameraMode":{"drawMode":0,"name":"Shaded","section":"Shading Mode"},"sceneLighting":true,"audioPlay":false,"sceneViewState":{"showFog":true,"showMaterialUpdate":false,"showSkybox":true,"showFlares":true,"showImageEffects":true,"showParticleSystems":true},"in2DMode":false,"pivot":{"x":50.10499954223633,"y":1.1438803672790528,"z":51.58863067626953},"rotation":{"x":-0.07968313992023468,"y":0.8884537220001221,"z":-0.16885130107402802,"w":-0.41928502917289736},"size":1.1249799728393555,"orthographic":false}