{"cameraMode":{"drawMode":0,"name":"Shaded","section":"Shading Mode"},"sceneLighting":true,"audioPlay":false,"sceneViewState":{"showFog":true,"showMaterialUpdate":false,"showSkybox":true,"showFlares":true,"showImageEffects":true,"showParticleSystems":true},"in2DMode":false,"pivot":{"x":28.56604766845703,"y":10.319398880004883,"z":72.44593811035156},"rotation":{"x":-0.07968313992023468,"y":0.8884537220001221,"z":-0.16885130107402802,"w":-0.41928502917289736},"size":10.795275688171387,"orthographic":false}