{"cameraMode":{"drawMode":0,"name":"Shaded","section":"Shading Mode"},"sceneLighting":true,"audioPlay":false,"sceneViewState":{"showFog":true,"showMaterialUpdate":false,"showSkybox":true,"showFlares":true,"showImageEffects":true,"showParticleSystems":true},"in2DMode":false,"pivot":{"x":50.07843017578125,"y":0.468999981880188,"z":54.0099983215332},"rotation":{"x":-0.15108931064605714,"y":0.1436384916305542,"z":-0.022196555510163308,"w":-0.9777840971946716},"size":2.1650636196136476,"orthographic":false}